<project name="BillPayment-Deploy" default="deploy" basedir=".">
    <!-- Properties -->
    <property environment="env"/>
    <property name="MQSIDEPLOY" value="C:\Program Files\IBM\ACE\12.0.7.0\server\bin\mqsideploy"/>
    <property name="OUTPUT_BAR_FILE" value="${basedir}\releases\latest\SigService-25.2.1.0003.bar"/>
    <property name="NODE_NAME" value="${env.NODE_NAME}" />
    <property name="SERVER_NAME" value="Default"/>

    <!-- Initialization -->
    <target name="init">
        <echo message="${ant.version}"/>
        <echo message="Java Version: ${java.version}"/>
        <echo message="Base Directory: ${basedir}"/>
        <echo message="Output BAR File: ${OUTPUT_BAR_FILE}"/>
    </target>

    <!-- Check if BAR file exists -->
    <target name="check-file-exists" depends="init">
        <echo message="Checking if BAR file exists at ${OUTPUT_BAR_FILE}..."/>
        <available file="${OUTPUT_BAR_FILE}" property="file.exists"/>
        <fail unless="file.exists">
            The BAR file does not exist: ${OUTPUT_BAR_FILE}
        </fail>
    </target>

    <!-- Deploy BAR file -->
    <target name="deploy" depends="check-file-exists">
        <echo message="Deploying BAR file to node ${NODE_NAME} and server ${SERVER_NAME}..."/>
        <exec executable="${MQSIDEPLOY}" failonerror="true">
            <arg value="${NODE_NAME}"/>
            <arg value="-e"/>
            <arg value="${SERVER_NAME}"/>
            <arg value="-a"/>
            <arg value="${OUTPUT_BAR_FILE}"/>
        </exec>
        <echo message="Deployment completed successfully."/>
    </target>
</project>
