<project name="Update_Credentials" default="start-node" basedir=".">
<!-- Properties -->
<property environment="env"/>
<property name="MQSICOMMANDS" value="C:\Program Files\IBM\ACE\12.0.7.0\server\bin\"/>
<property name="OUTPUT_BAR_FILE" value="${basedir}\releases\latest\SigService-25.2.1.0003.bar"/>
<property name="NODE_NAME" value="${env.NODE_NAME}"/>
<property name="SERVER_NAME" value="Default"/>
<property name="VAULT_KEY" value="myvaultkey"/>
<property name="VAULT_RC_LOCATION" value="C:\ProgramData\IBM\MQSI"/>
<property name="CREDENTIAL_NAME" value="nodedbtest"/>
<property name="CREDENTIAL_TYPE" value="odbc"/>
<property name="USERNAME" value="${env.DEPLOY_USERNAME}"/>
<property name="PASSWORD" value="${env.DEPLOY_PASSWORD}"/>
 
    <!-- Initialization -->
<target name="init">
<echo message="${ant.version}"/>
<echo message="Java Version: ${java.version}"/>
<echo message="Base Directory: ${basedir}"/>
<echo message="Release Directory: ${RELEASE.DIR}"/>
</target>
 
    <!-- Stop Node -->
<target name="stop-node" depends="init">
<echo message="Stoping Integration Node ${NODE_NAME}..."/>
<exec executable="${MQSICOMMANDS}mqsistop" failonerror="false">
<arg value="${NODE_NAME}"/>
</exec>
</target>
 
  
  
	<!-- Update Credential -->
<target name="update-credentials" depends="stop-node">
    <echo message="Updating Credential ${CREDENTIAL_NAME}..."/>
    <exec executable="${MQSICOMMANDS}mqsicredentials" failonerror="true">
        <arg value="${NODE_NAME}"/>
        <arg value="-e"/>
        <arg value="${SERVER_NAME}"/>
        <arg value="--update"/>
        <arg value="--credential-name"/>
        <arg value="${CREDENTIAL_NAME}"/>
        <arg value="--credential-type"/>
        <arg value="${CREDENTIAL_TYPE}"/>
        <arg value="--vault-key"/>
        <arg value="${VAULT_KEY}"/>
        <arg value="--username"/>
        <arg value="${USERNAME}"/>
        <arg value="--password"/>
        <arg value="${PASSWORD}"/>
    </exec>
    <echo message="Credential updated successfully."/>
</target>

 
      <!-- Start Integration Node -->
<target name="start-node" depends="update-credentials">
<echo message="Starting Integration Node ${NODE_NAME} with vault key..."/>
<exec executable="${MQSICOMMANDS}mqsistart" failonerror="true">
<arg value="${NODE_NAME}"/>
<arg value="--vault-key"/>
<arg value="${VAULT_KEY}"/>
</exec>
</target>
 
</project>
