<project name="vault" default="vault" basedir=".">
<!-- Properties -->
<property environment="env"/>
<property name="MQSICOMMANDS" value="C:\Program Files\IBM\ACE\12.0.7.0\server\bin\"/>
<property name="OUTPUT_BAR_FILE" value="${basedir}\releases\latest\SigService-25.2.1.0003.bar"/>
<property name="NODE_NAME" value="${env.NODE_NAME}" />
<property name="SERVER_NAME" value="Default"/>
<property name="VAULT_KEY" value="myvaultkey"/>
<property name="VAULT_RC_LOCATION" value="C:\ProgramData\IBM\MQSI"/>
<property name="CREDENTIAL_NAME" value="nodedbtest"/>
<property name="CREDENTIAL_TYPE" value="odbc"/>
<property name="USERNAME" value="${env.DEPLOY_USERNAME}"/>
<property name="PASSWORD" value="${env.DEPLOY_PASSWORD}"/>
 
    <!-- Initialization -->
<target name="init">
<echo message="${ant.version}"/>
<echo message="Java Version: ${java.version}"/>
<echo message="Base Directory: ${basedir}"/>
<echo message="Release Directory: ${RELEASE.DIR}"/>
</target>
 
    <!-- Stop Node -->
<target name="stop-node" depends="init">
<echo message="Stoping Integration Node ${NODE_NAME}..."/>
<exec executable="${MQSICOMMANDS}mqsistop" failonerror="false">
<arg value="${NODE_NAME}"/>
</exec>
</target>
 
    <!-- Create vault -->
<target name="create-vault" depends="stop-node">
<echo message="Creating vault for ${NODE_NAME}..."/>
<exec executable="${MQSICOMMANDS}mqsivault" failonerror="true">
<arg value="${NODE_NAME}"/>
<arg value="--vaultrc-store-key"/>
<arg value="--vault-key"/>
<arg value="${VAULT_KEY}"/>
<arg value="--vaultrc-location"/>
<arg value="${VAULT_RC_LOCATION}"/>
</exec>
<exec executable="${MQSICOMMANDS}mqsivault" failonerror="true">
<arg value="${NODE_NAME}"/>
<arg value="--create"/>
<arg value="--vaultrc-location"/>
<arg value="${VAULT_RC_LOCATION}"/>
</exec>
</target>
 
    <!-- Start Integration Node -->
<target name="start-node" depends="create-vault">
<echo message="Starting Integration Node ${NODE_NAME} with vault key..."/>
<exec executable="${MQSICOMMANDS}mqsistart" failonerror="true">
<arg value="${NODE_NAME}"/>
<arg value="--vault-key"/>
<arg value="${VAULT_KEY}"/>
</exec>
</target>
 
 
 
    <!-- Create Credential -->
<target name="create-credential" depends="start-node">
<echo message="Creating Credential ${CREDENTIAL_NAME}..."/>
<exec executable="${MQSICOMMANDS}mqsicredentials" failonerror="true">
<arg value="${NODE_NAME}"/>
<arg value="-e"/>
<arg value="${SERVER_NAME}"/>
<arg value="--create"/>
<arg value="--credential-name"/>
<arg value="${CREDENTIAL_NAME}"/>
<arg value="--credential-type"/>
<arg value="${CREDENTIAL_TYPE}"/>
<arg value="--vault-key"/>
<arg value="${VAULT_KEY}"/>
<arg value="--username"/>
<arg value="${USERNAME}"/>
<arg value="--password"/>
<arg value="${PASSWORD}"/>
</exec>
<echo message="Credential created successfully."/>
</target>


<!-- Vault Target -->
<target name="vault" depends="create-credential">
    <echo message="Running the Vault process..."/>
</target>

</project> 
